idAnimal,Nombre,TipoAnimal,Sexo,Edad,Especie,Peso,Personalidad,Rasgos,Adoptado
"G01,Misu,Gato,Hembra,1.5,Bengala,4.2,""Curiosa, atenta y carinosa"",""Atigrado, manchas tipo leopardo, ojos verdes"",FALSE"
"G02,Nieve,Gato,Hembra,3.0,Europeo,4.5,""Tranquila y observadora"",""Pelaje blanco, ojos verdes"",FALSE"
"G03,Tris,Gato,Hembra,2.0,Carey,4.0,""Curiosa, serena y elegante"",""Tricolor, ojos verdes"",FALSE"
"G04,Luna,Gato,Hembra,2.5,Atigrado/Carey,4.1,""Activa, curiosa y carinosa"",""Tricolor, ojos amarillos"",FALSE"
"G05,Copito,Gato,Macho,4.0,Persa bicolor,5.2,""Sociable, tranquilo y dulce"",""Blanco con manchas naranjas, ojos claros"",FALSE"
"G06,Maya,Gato,Hembra,3.0,Siames tricolor,3.7,""Inteligente, tranquila y sociable"",""Claro con manchas oscuras, ojos amarillos"",FALSE"
"G07,Tigre,Gato,Macho,2.8,Bengala,4.4,""Energetico, jugueton y curioso"",""Marron con rayas oscuras, ojos dorados"",FALSE"
"G08,Olaf,Gato,Macho,2.0,Europeo,4.0,""Jugueton, amistoso y curioso"",""Atigrado marron y blanco, ojos azul y ambar"",FALSE"
"G09,Nube,Gato,Hembra,2.5,Europeo,3.8,""Timida, inteligente y curiosa"",""Atigrado marron, ojos azules"",FALSE"
"G10,Leo,Gato,Macho,4.5,Siberiano,5.3,""Tranquilo, independiente y elegante"",""Crema y gris, ojos verdes"",FALSE"
"G11,Shadow,Gato,Macho,3.2,Bombay,4.3,""Observador, tranquilo y leal"",""Negro, ojos amarillos"",FALSE"
"G12,Simba,Gato,Macho,3.5,Europeo,4.6,""Sociable, jugueton y amigable"",""Naranja atigrado, ojos verdes"",FALSE"
"P01,Kiara,Perro,Hembra,2.0,Mestiza de Podenco,14.5,""Activa, carinosa y muy curiosa"",""Canela claro, orejas grandes"",FALSE"
"P02,Rufo,Perro,Macho,4.5,Cruce de Pastor Vasco,22.3,""Guardian, tranquilo y leal"",""Negro con manchas blancas"",FALSE"
"P03,Lola,Perro,Hembra,1.7,Terrier Ibicenco mestizo,11.8,""Sociable, lista y divertida"",""Beige y blanco, hocico alargado"",FALSE"
"P04,Tango,Perro,Macho,3.3,Mestizo de Galgo y Pointer,18.9,""Deportista, obediente y sensible"",""Atigrado oscuro, patas largas"",FALSE"
"P05,Asia,Perro,Hembra,2.3,Podenca Andaluza mestiza,12.7,""Timida, carinosa y tranquila"",""Marron rojizo, orejas puntiagudas"",FALSE"
"P06,Eros,Perro,Macho,5.0,X de Sabueso Espanol,25.2,""Paciente, noble y buen companero"",""Tricolor, orejas caidas, mirada dulce"",FALSE"
"P07,Jara,Perro,Hembra,3.8,Mestiza de Ratonero,8.5,""Vivaz, inteligente y graciosa"",""Negra y fuego, pequena y agil"",FALSE"
"P08,Simba,Perro,Macho,4.1,Cruce de Setter,20.4,""Extrovertido, fiel y jugueton"",""Blanco y marron, pelaje largo"",FALSE"
"P09,Mia,Perro,Hembra,2.6,Mestiza de Mastin,29.7,""Sonadora, protectora y dulce"",""Color leonado, maciza y fuerte"",FALSE"
"P10,Coco,Perro,Macho,1.5,Mestizo pequeno,6.9,""Alegre, simpatico y adaptable"",""Gris claro, pelo corto, ojos vivos"",FALSE"
"P11,India,Perro,Hembra,3.2,Mestiza de Braco,17.6,""Atletica, exploradora y cercana"",""Marron oscuro, pecho blanco"",FALSE"
"P12,Jazz,Perro,Macho,2.0,Mestizo mediano,15.8,""Amistoso, jugueton y versatil"",""Beige tostado, orejas semi-caidas"",FALSE"
"B01,Lima,Pajaro,Macho,1.5,Periquito australiano,0.035,""Curioso y sociable"",""Verde con cabeza amarilla y rayas negras"",FALSE"
"B02,Kiwi,Pajaro,Hembra,3.0,Amazona frentiazul,0.450,""Inteligente y juguetona"",""Verde con amarillo, azul y toques rojos"",FALSE"
"B03,Sol,Pajaro,Macho,2.0,Canario,0.025,""Alegre y cantarin"",""Amarillo brillante con algo de verde"",FALSE"
"B04,Luz,Pajaro,Hembra,4.0,Cacatua amarilla,0.850,""Extrovertida y divertida"",""Cresta y cabeza amarilla, cuerpo blanco, pico negro"",FALSE"
"B05,Fuego,Pajaro,Macho,5.0,Guacamayo hibrido,1.200,""Llamativo y sociable"",""Verde con tonos amarillos, azul en las alas y detalles rojos"",FALSE"
"B06,Mandarina,Pajaro,Macho,2.5,Canario rojo,0.027,""Activo y vivaz"",""Naranja brillante, pico y patas amarillos"",FALSE"
"R01,Nibbles,Roedor,Macho,1.0,Hamster comun,0.12,""Curioso y simpatico"",""Pelaje marron y blanco"",FALSE"
"R02,Puffy,Roedor,Hembra,0.8,Hamster ruso,0.05,""Tranquila y dulce"",""Pelaje blanco y gris"",FALSE"
"R03,Manchitas,Roedor,Hembra,2.0,Cobaya abisinia,0.9,""Sociable y tranquila"",""Pelaje marron, blanco y naranja"",FALSE"
"R04,Chocolate,Roedor,Macho,3.0,Conejo negro,2.1,""Timido y observador"",""Pelaje negro y brillante"",FALSE"
"R05,Nube,Roedor,Hembra,2.5,Conejo gris,1.8,""Carinosa y activa"",""Pelaje gris claro y suave"",FALSE"
"R06,Ricky,Roedor,Macho,1.4,Raton domestico,0.3,""Inteligente y sociable"",""Pelaje gris y suave"",FALSE"
