Nombre,Apellido,Edad,Username,Email,Telefono,TarjetaBancaria,Contrasena
Maialen,Barredo,20,shadowninja,m@gmail.com,000000000,000000000,0000
Ana,Gomez,29,agomez,ana.gomez@example.com,600111222,XXXX-XXXX-XXXX-1234,1234
Jorge,Lopez,34,jlopez,jorge.lopez@example.com,622333444,XXXX-XXXX-XXXX-5678,password
Lucia,Martin,22,lmartin,lucia.martin@example.com,611222333,XXXX-XXXX-XXXX-9012,qwerty
Carlos,Ruiz,41,cruiz,carlos.ruiz@example.com,633444555,XXXX-XXXX-XXXX-3456,abc123
Maria,Sanchez,37,msanchez,maria.sanchez@example.com,644555666,XXXX-XXXX-XXXX-7890,letmein
Pablo,Fernandez,28,pfernandez,pablo.fernandez@example.com,655666777,XXXX-XXXX-XXXX-1122,pass123
Raquel,Munoz,31,rmunoz,raquel.munoz@example.com,666777888,XXXX-XXXX-XXXX-3344,0000
Sergio,Torres,45,storres,sergio.torres@example.com,677888999,XXXX-XXXX-XXXX-5566,1111
Elena,Vidal,26,evidal,elena.vidal@example.com,688999000,XXXX-XXXX-XXXX-7788,princesa
Miguel,Herrera,33,mherrera,miguel.herrera@example.com,699000111,XXXX-XXXX-XXXX-9900,hola123
Noelia,Ruano,24,nruano,noelia.ruano@example.com,600222333,XXXX-XXXX-XXXX-2233,contrasena
Diego,Morales,39,dmorales,diego.morales@example.com,611333444,XXXX-XXXX-XXXX-4455,usuario123
Sara,Prieto,27,sprieto,sara.prieto@example.com,622444555,XXXX-XXXX-XXXX-6677,abcd1234
Ivan,Nunez,30,inunez,ivan.nunez@example.com,633555666,XXXX-XXXX-XXXX-8899,pass
Carmen,Alonso,36,calonso,carmen.alonso@example.com,644666777,XXXX-XXXX-XXXX-1010,123456
Raul,Soto,42,rsoto,raul.soto@example.com,655777888,XXXX-XXXX-XXXX-1212,admin
Nuria,Perez,23,nperez,nuria.perez@example.com,666888999,XXXX-XXXX-XXXX-1313,love
Oscar,Bravo,38,obravo,oscar.bravo@example.com,677999000,XXXX-XXXX-XXXX-1414,monkey
Marta,Ibanez,35,mibanez,marta.ibanez@example.com,688000111,XXXX-XXXX-XXXX-1515,dragon
Adrian,Rey,29,arey,adrian.rey@example.com,699111222,XXXX-XXXX-XXXX-1616,secret